<?xml version="1.0"?>
<module>
  <type>language</type>
  <name>thai language</name>
  <label>ไทย</label>
  <prefix>th_th</prefix>
  <version>1.1.0</version>
  <dependencies>
	  <vtiger_version>6.0.0</vtiger_version>
	  <vtiger_max_version>6.*</vtiger_max_version>
  </dependencies>
  <license>
   <inline><![CDATA[
 ********************************************************************************
 * The contents of these fileis are subject to the Mozilla Public License Version 1.1
 * ("License"); You may not use this file except in compliance with the License.
 * Software distributed under the License is distributed on an  "AS IS"  basis,
 * WITHOUT WARRANTY OF ANY KIND, either express or implied. See the License for
 * the specific language governing rights and limitations under the License.
 ********************************************************************************
 *  Language     : ภาษาไทย th_th
 *  Version      : 1.1.0
 *  Author       : Rittichai Sufu boyspi@gmail.com  http://www.marnoi.net http://www.crm.in.th

 ********************************************************************************
]]></inline>
  </license>
</module>
